firstName,lastName,employeeNumber,jobTitle
Sophia,Bennett,EMPLY0001,Testing User001
Olivia,Brooks,EMPLY0002,Testing User002
Riley,Dallas,EMPLY0003,Testing User003
Emma,Faulkner,EMPLY0004,Testing User004
Ava,Fletcher,EMPLY0005,Testing User005
Isabella,Foster,EMPLY0006,Testing User006
Aria,Graham,EMPLY0007,Testing User007
Aaliyah,Hunter,EMPLY0008,Testing User008
Amelia,Irving,EMPLY0009,Testing User009
Mia,Lee,EMPLY0010,Testing User010
Layla,Lincoln,EMPLY0011,Testing User011
Zoe,Lowell,EMPLY0012,Testing User012
Camilla,Murray,EMPLY0013,Testing User013
Charlotte,Perry,EMPLY0014,Testing User014
Eliana,Randall,EMPLY0015,Testing User015
Mila,Reagan,EMPLY0016,Testing User016
Everly,Reed,EMPLY0017,Testing User017
Luna,Spencer,EMPLY0018,Testing User018
Avery,Stuart,EMPLY0019,Testing User019
Evelyn,Truman,EMPLY0020,Testing User020
Harper,Tyler,EMPLY0021,Testing User021
Lily,Wallace,EMPLY0022,Testing User022
Ella,Webster,EMPLY0023,Testing User023
Gianna,Whitney,EMPLY0024,Testing User024
Chloe,York,EMPLY0025,Testing User025
Adalyn,Ainsley,EMPLY0026,Testing User026
Charlie,Ashley,EMPLY0027,Testing User027
Isla,Blair,EMPLY0028,Testing User028
Ellie,Blake,EMPLY0029,Testing User029
Leah,Cassidy,EMPLY0030,Testing User030
Nora,Chandler,EMPLY0031,Testing User031
Scarlett,Dale,EMPLY0032,Testing User032
Maya,Eden,EMPLY0033,Testing User033
Abigail,Hailey,EMPLY0034,Testing User034
Madison,Hunter,EMPLY0035,Testing User035
Aubrey,Jordan,EMPLY0036,Testing User036
Emily,Kelly,EMPLY0037,Testing User037
Kinsley,Kendall,EMPLY0038,Testing User038
Elena,Lane,EMPLY0039,Testing User039
Paisley,Lee,EMPLY0040,Testing User040
Madelyn,Lindsey,EMPLY0041,Testing User041
Aurora,Madison,EMPLY0042,Testing User042
Peyton,Morgan,EMPLY0043,Testing User043
Nova,Parker,EMPLY0044,Testing User044
Emilia,Riley,EMPLY0045,Testing User045
Hannah,Shelby,EMPLY0046,Testing User046
Sarah,Shepard,EMPLY0047,Testing User047
Ariana,Taylor,EMPLY0048,Testing User048
Penelope,Tyler,EMPLY0049,Testing User049
Lila,Willow,EMPLY0050,Testing User050
Liam,Bennett,EMPLY0051,Testing User051
Noah,Brooks,EMPLY0052,Testing User052
Jackson,Dallas,EMPLY0053,Testing User053
Aiden,Faulkner,EMPLY0054,Testing User054
Elijah,Fletcher,EMPLY0055,Testing User055
Grayson,Foster,EMPLY0056,Testing User056
Lucas,Graham,EMPLY0057,Testing User057
Oliver,Hunter,EMPLY0058,Testing User058
Caden,Irving,EMPLY0059,Testing User059
Mateo,Lee,EMPLY0060,Testing User060
Muhammad,Lincoln,EMPLY0061,Testing User061
Jayden,Perry,EMPLY0062,Testing User062
Ethan,Randall,EMPLY0063,Testing User063
Sebastian,Reagan,EMPLY0064,Testing User064
James,Reed,EMPLY0065,Testing User065
Michael,Spencer,EMPLY0066,Testing User066
Benjamin,Stuart,EMPLY0067,Testing User067
Logan,Truman,EMPLY0068,Testing User068
Leo,Tyler,EMPLY0069,Testing User069
Luca,Wallace,EMPLY0070,Testing User070
Alexander,Webster,EMPLY0071,Testing User071
Levi,Whitney,EMPLY0072,Testing User072
Daniel,York,EMPLY0073,Testing User073
Josiah,Ainsley,EMPLY0074,Testing User074
Henry,Ashley,EMPLY0075,Testing User075
Jace,Blair,EMPLY0076,Testing User076
Julian,Blake,EMPLY0077,Testing User077
Jack,Cassidy,EMPLY0078,Testing User078
Ryan,Chandler,EMPLY0079,Testing User079
Jacob,Dale,EMPLY0080,Testing User080
Asher,Eden,EMPLY0081,Testing User081
Wyatt,Hailey,EMPLY0082,Testing User082
William,Hunter,EMPLY0083,Testing User083
Owen,Jordan,EMPLY0084,Testing User084
Gabriel,Kelly,EMPLY0085,Testing User085
Miles,Kendall,EMPLY0086,Testing User086
Lincoln,Lane,EMPLY0087,Testing User087
Ezra,Lee,EMPLY0088,Testing User088
Isaiah,Lindsey,EMPLY0089,Testing User089
Luke,Madison,EMPLY0090,Testing User090
Cameron,Morgan,EMPLY0091,Testing User091
Caleb,Parker,EMPLY0092,Testing User092
Isaac,Riley,EMPLY0093,Testing User093
Carson,Shelby,EMPLY0094,Testing User094
Samuel,Shepard,EMPLY0095,Testing User095
Colton,Taylor,EMPLY0096,Testing User096
Maverick,Tyler,EMPLY0097,Testing User097
Matthew,Willow,EMPLY0098,Testing User098
Timmy,Test,EMPLY0099,Testing User099
John,Carter,EMPLY0100,Testing User100
